237,243,103,124,341,234,105,355,178,346,91,412,257,343,428,10,325,14,232,363,182,449,253,361,493,241,343,174,344,471,18,302,412,396,187,308,464,215,466,318,395,416,360,466,420,287,354,146,463,431,499,3,263,208,5,396,183,367,353,41,191,166,220,140,94,352,159,27,94,61,314,172,482,469,15,497,301,16,485,208,302,129,439,341,436,100,292,271,233,301,203,423,2,474,222,106,97,45,336,69,83,62,67,367,150,459,180,119,45,471,104,405,418,161,35,431,168,114,205,312,64,211,87,182,350,418,382,255,195,156,392,253,51,138,229,245,370,31,315,458,400,328,203,496,437,448,366,409,325,477,453,316,160,453,380,292,452,494,264,334,37,373,52,26,489,7,411,75,82,424,5,382,96,277,20,213,57,160,272,2200,290,151,429,308,397,88,208,484,23,267,46,12,45,292,472,190,65,189,455,367,441,405,140,242,173,460,497,493,102,373,130,429,242,500,488,60,476,157,2,451,258,190,76,392,472,474,66,445,182,436,47,38,451,270,208,498,290,216,439,255,356,140,41,15,65,153,32,2,480,3500,55,120,306,162,474,119
8,52,227,389,411,77,236,303,324,432,235,276,447,12,380,285,259,193,444,426,423,120,62,489,73,464,457,223,430,188,436,487,252,364,173,391,119,442,477,170,341,129,36,21,223,444,389,420,256,25,206,217,90,479,439,324,500,208,2,312,231,459,156,452,465,236,340,453,494,81,168,262,472,312,396,380,105,418,93,11,122,102,164,195,478,357,395,399,260,455,463,10,209,442,413,80,414,224,328,131,421,60,479,442,251,394,423,161,472,306,55,343,158,94,113,306,176,289,484,212,89,405,405,38,22,346,251,385,323,450,145,431,166,220,449,482,334,285,160,13,372,245,405,334,470,50,146,214,157,85,273,370,70,48,44,189,399,93,389,125,92,168,395,435,392,292,454,491,190,422,325,69,38,413,453,331,407,59,480,2200,302,29,242,298,177,296,302,79,36,236,122,147,474,445,91,489,45,403,195,209,24,119,47,77,363,47,432,380,250,44,309,231,379,173,459,248,375,282,74,434,148,485,46,155,318,29,311,68,19,133,416,227,39,433,33,276,73,125,421,236,364,424,331,421,70,3500,246,182,472,67,9,31,137,15,435,142
354,389,354,302,142,266,105,450,109,75,492,77,350,360,395,32,19,474,431,56,487,475,487,276,377,22,100,111,96,81,154,63,170,419,415,356,29,395,29,203,124,29,481,451,115,363,339,226,435,362,300,477,428,257,28,477,224,221,194,188,230,137,76,298,164,51,86,183,142,70,429,23,404,394,280,94,167,396,72,279,239,467,1,38,194,18,314,36,478,228,42,397,276,90,207,285,207,484,207,243,175,282,97,393,436,153,23,199,38,285,213,206,16,118,268,428,329,496,437,262,396,341,347,486,145,491,456,235,387,50,21,475,356,25,54,433,299,139,220,268,364,224,431,105,37,146,315,34,251,424,373,402,17,233,321,195,388,276,97,433,218,238,159,143,208,116,421,113,393,481,474,341,350,334,134,75,46,278,219,2200,167,69,129,125,84,307,9,271,176,342,151,443,430,284,112,135,495,303,93,108,415,0,195,448,425,125,430,127,214,320,132,100,353,350,27,314,45,1,63,330,464,367,123,118,499,374,399,366,285,247,220,463,399,348,29,275,387,174,483,21,25,3500,343,288,165,274,479,465,347,377,26,153,55,94,31,194
108,397,75,101,45,247,37,237,68,177,28,264,215,329,31,317,104,3,88,62,448,22,284,0,125,385,385,442,460,435,173,47,47,70,67,7,35,440,256,326,25,465,154,28,482,169,25,105,108,451,72,393,324,496,393,390,174,402,58,228,77,490,340,324,464,251,473,189,133,254,54,100,216,241,238,124,282,437,315,287,22,77,403,70,227,50,423,100,496,481,42,220,186,273,29,415,180,438,190,380,320,193,124,290,406,453,345,379,100,127,254,39,177,302,477,154,97,147,295,249,18,162,343,379,139,251,311,193,27,260,121,152,37,38,461,271,414,149,400,383,129,81,495,216,348,417,322,156,121,207,52,390,445,486,335,41,116,157,358,267,7,407,488,292,211,405,226,132,345,279,362,96,205,469,415,161,494,18,203,2200,493,47,331,47,388,221,78,490,133,495,164,370,73,165,19,154,102,255,418,168,473,276,197,219,275,44,31,257,312,113,324,74,248,404,61,344,68,128,60,325,62,216,176,87,377,102,267,457,236,283,287,225,172,158,289,464,260,3500,249,441,224,161,44,367,38,422,334,355,308,85,244,38,216,197,314,177
459,446,49,8,445,40,19,269,350,350,336,63,338,38,293,152,94,391,437,375,32,41,474,80,126,433,217,92,486,228,198,449,114,376,455,447,463,21,34,127,390,257,467,224,278,14,56,77,482,200,269,451,314,7,6,324,112,369,281,118,53,124,112,127,96,81,85,9,391,400,123,10,406,141,461,183,225,113,157,263,464,21,208,490,349,21,111,171,63,460,109,192,70,461,73,302,148,24,452,237,199,339,21,225,141,49,340,453,281,238,178,428,72,206,33,346,178,31,112,390,96,30,219,417,85,82,392,341,356,492,187,483,221,398,371,366,215,325,299,188,218,364,239,323,340,210,96,219,4,251,350,242,407,359,206,45,466,80,276,467,162,189,486,200,175,328,353,387,35,106,474,254,10,68,32,377,178,454,279,2200,424,480,212,340,118,429,162,290,303,166,74,257,308,407,184,207,160,398,492,317,342,5,302,451,339,470,242,470,464,275,410,111,423,21,353,118,129,151,319,102,128,211,74,281,72,312,499,68,70,202,429,270,27,3500,194,286,334,175,445,214,308,105,178,229,335,411,196,66,167,239,155,31,500,121,36,33
393,43,118,59,421,87,385,364,95,59,153,269,123,186,471,194,307,291,457,227,45,173,39,229,185,459,450,452,467,119,69,255,13,391,273,388,307,11,372,457,109,66,415,26,115,340,278,42,470,2,239,295,404,120,364,331,169,131,333,4,157,143,49,461,182,229,224,444,6,109,453,85,466,250,67,135,81,105,167,231,252,38,310,424,285,455,111,50,264,57,387,252,107,450,384,163,436,419,154,319,17,262,296,159,157,153,246,178,305,62,420,338,37,132,364,65,79,381,233,297,353,387,327,447,460,128,265,172,254,185,130,490,347,201,20,491,99,235,80,403,443,231,269,382,217,110,370,159,206,439,355,231,326,317,57,364,470,206,308,330,234,387,223,77,144,425,333,257,466,344,217,146,118,301,189,197,149,32,246,2200,258,307,117,278,401,39,253,490,194,73,176,283,21,459,313,483,450,127,206,49,150,418,372,92,105,464,408,459,458,95,378,434,86,134,397,164,52,150,31,382,180,455,32,211,191,370,306,42,143,3500,240,255,338,360,450,128,79,258,53,197,337,414,440,383,436,69,61,11,122,385,17,348,204,21,499,497
309,4,354,90,181,100,179,265,194,129,216,410,244,493,306,121,72,69,322,387,176,432,384,379,372,363,62,205,28,141,435,1,302,17,488,123,314,36,64,149,119,459,140,460,232,76,415,119,109,91,301,36,291,157,477,29,421,78,428,126,470,129,249,273,177,31,169,166,451,407,461,485,444,236,231,82,436,425,66,143,99,259,269,212,71,214,197,259,487,287,463,407,240,92,113,243,392,167,183,313,165,273,258,6,297,479,440,178,282,127,218,253,242,101,405,331,49,96,249,79,470,202,25,209,444,254,70,128,409,309,121,461,461,73,346,408,171,108,216,239,49,335,227,286,23,413,62,224,244,367,219,32,204,224,47,403,131,54,198,173,23,147,32,57,340,164,407,471,326,179,160,429,489,371,107,227,362,143,258,2200,423,291,158,106,178,269,405,353,292,79,394,486,277,78,342,398,97,117,179,56,134,205,160,373,186,283,241,13,70,362,443,405,382,38,451,158,18,162,83,376,231,200,156,352,99,3500,71,59,326,326,378,114,349,408,446,398,86,177,37,180,264,178,414,28,85,147,316,166,384,321,20,307,400,301,36,82
293,61,31,455,118,160,226,132,407,334,18,286,373,30,321,308,235,154,217,251,359,327,267,255,277,453,211,133,419,148,485,309,136,14,217,31,83,174,349,458,480,89,195,169,54,199,282,436,325,257,179,86,366,464,254,180,422,59,358,323,58,230,449,428,151,79,60,406,53,500,62,480,239,459,418,124,229,106,119,229,225,308,416,291,480,385,228,203,37,323,362,105,311,66,80,106,110,59,460,8,273,267,142,231,143,290,200,389,271,21,239,345,309,189,170,314,128,121,482,304,141,483,269,495,92,479,363,343,447,344,500,137,362,200,40,177,489,115,293,205,62,245,452,461,270,6,228,406,74,107,156,287,241,311,119,124,254,63,134,410,271,269,151,234,475,414,89,84,361,269,179,103,244,325,54,353,56,269,413,2200,413,77,170,493,178,233,283,251,367,387,47,359,159,385,17,139,84,366,107,24,201,326,235,49,281,479,291,120,493,251,80,146,449,179,434,416,194,173,4,217,168,3500,422,300,125,99,102,7,285,393,206,98,252,129,43,158,179,230,319,170,440,485,446,419,467,205,147,251,436,364,490,275,25,337,276,151
193,56,166,75,143,433,235,383,391,394,47,287,230,498,344,243,22,117,184,418,130,474,314,221,99,226,220,344,379,127,454,490,336,11,392,386,70,22,122,371,260,284,409,110,362,39,309,205,46,98,39,410,282,144,180,223,83,439,75,234,106,206,112,132,104,206,225,14,367,431,416,440,201,290,24,362,3,289,129,375,376,217,210,194,19,13,336,132,249,126,322,77,352,494,242,277,493,412,86,292,177,55,391,146,178,289,355,43,412,73,250,84,104,126,20,101,15,127,36,44,340,108,262,386,113,115,364,472,136,209,94,350,264,208,277,296,438,140,300,394,211,478,177,261,24,366,303,155,313,414,310,130,257,426,489,361,323,416,67,46,227,469,274,91,386,16,307,365,16,464,283,459,245,46,443,351,459,493,264,2200,482,487,81,394,456,313,220,104,100,212,225,475,268,429,350,83,251,425,209,422,269,58,88,128,164,305,253,377,281,54,459,219,104,231,299,351,162,3500,327,327,396,173,63,188,190,457,330,135,315,36,62,66,429,103,171,399,27,495,162,57,93,93,269,347,25,70,285,70,446,39,26,152,411,186,130,44
116,156,462,89,456,120,291,56,163,432,375,176,155,461,13,249,490,465,134,245,62,313,167,431,332,189,479,474,356,305,359,442,35,212,83,195,153,234,211,219,416,275,296,304,417,298,147,5,447,174,428,154,180,202,407,312,465,334,442,377,362,382,400,122,176,155,116,94,100,400,9,338,44,485,46,228,302,494,195,60,64,177,305,364,262,338,471,468,424,372,354,115,265,314,26,233,291,63,141,51,458,314,114,345,241,405,31,182,407,468,304,10,18,107,260,458,185,110,139,43,104,127,416,60,253,116,406,50,118,173,500,129,397,484,383,14,110,450,446,309,337,255,154,384,245,66,410,17,152,444,248,165,435,356,420,228,377,50,282,327,115,151,393,221,281,416,121,311,341,459,11,67,187,151,276,426,0,491,388,2200,263,342,327,227,99,224,178,420,427,136,263,392,114,432,367,477,465,24,244,167,0,327,69,311,264,366,141,188,146,331,64,346,302,3500,492,388,187,154,81,440,425,236,497,234,264,262,132,352,415,264,24,282,426,59,464,230,121,102,485,112,28,126,375,413,215,250,249,276,121,44,131,29,357,438,436,390
294,326,80,131,244,1,436,357,356,218,97,298,53,105,492,429,130,40,151,264,317,222,365,376,284,108,186,11,13,368,419,283,334,348,252,98,198,63,459,32,272,475,253,397,290,246,393,369,30,464,99,454,479,432,383,48,400,96,231,317,186,96,329,462,366,136,53,215,285,62,138,229,229,273,381,430,373,384,113,153,89,304,75,311,50,73,364,294,240,263,281,311,23,5,172,83,428,202,386,41,11,220,405,100,439,96,383,447,102,84,71,279,254,401,139,71,302,306,67,334,162,10,124,160,392,133,308,460,24,279,290,361,484,140,351,72,436,352,73,492,437,37,465,387,315,464,284,324,89,69,330,428,461,129,104,478,319,195,47,157,463,18,436,57,427,444,43,263,482,195,321,410,216,482,103,101,6,376,287,2200,43,175,255,346,369,431,15,484,325,6,185,325,283,45,130,497,85,12,170,446,290,381,351,484,11,411,7,26,391,3500,79,292,10,480,493,46,98,189,84,117,365,79,252,129,232,41,126,115,419,330,472,472,94,130,359,290,119,419,65,322,0,238,245,476,216,77,417,390,149,44,140,259,358,495,184,418
424,420,497,253,161,299,5,9,227,3,176,70,64,227,216,322,52,187,385,403,21,143,372,429,86,29,62,381,304,345,75,431,70,439,165,117,116,53,193,145,374,324,137,401,482,288,301,304,175,42,114,51,124,354,301,472,475,498,87,125,411,240,110,331,234,8,346,168,238,207,419,209,138,274,80,382,169,490,290,58,280,215,31,13,305,445,321,293,190,435,312,454,162,33,222,13,77,348,71,115,435,476,165,370,132,213,324,9,47,242,416,338,453,396,33,346,264,164,440,184,301,388,486,37,179,270,462,393,8,425,95,157,193,155,442,84,101,437,366,155,355,229,190,282,311,498,102,198,483,285,267,108,1,84,444,386,192,246,233,427,5,134,374,447,275,1,228,315,148,5,373,421,80,61,162,9,154,191,164,2200,11,360,479,430,182,92,50,94,456,106,21,305,42,223,393,457,334,176,429,371,110,406,35,347,15,3500,336,444,133,486,163,478,11,471,321,471,251,388,148,374,181,170,355,160,461,415,422,140,226,118,372,138,495,31,353,335,420,375,459,373,354,220,117,204,281,135,199,178,412,118,328,62,379,22,234,247
21,134,380,326,241,30,200,127,194,403,481,375,65,157,165,471,456,257,294,381,267,335,216,14,353,380,323,126,23,7,493,80,428,81,290,204,300,458,167,328,91,219,470,295,273,392,499,88,9,427,222,107,181,459,22,103,22,73,324,172,106,301,270,151,284,77,481,432,407,132,331,113,195,370,441,131,472,174,285,142,402,331,87,172,412,215,290,489,394,361,292,352,299,239,170,423,456,313,78,322,432,471,269,59,301,326,135,365,388,410,468,402,141,282,160,339,446,272,347,85,310,145,426,470,311,203,234,204,334,164,177,22,445,244,313,154,288,270,317,141,347,431,281,9,182,44,419,230,110,472,214,42,123,354,41,384,193,138,77,265,487,180,121,9,456,125,112,35,386,174,216,223,109,399,159,99,229,163,198,2200,264,244,440,200,478,233,181,41,411,278,150,57,490,263,241,169,117,190,90,234,486,3500,316,249,188,50,222,266,136,215,393,332,487,207,477,33,123,188,145,463,296,442,195,357,26,47,404,121,172,332,441,312,151,83,375,121,201,16,469,75,348,46,236,435,274,199,315,238,252,183,39,301,164,416,61,334
304,403,204,418,457,290,225,361,108,276,180,3,125,315,224,310,27,446,32,58,21,458,108,141,415,371,337,80,16,449,54,280,209,124,288,112,75,44,86,299,337,155,458,278,49,161,372,310,471,314,406,109,255,269,49,130,165,498,294,348,305,459,4,461,443,445,427,141,251,47,10,335,142,181,405,297,250,301,61,141,152,296,119,194,397,96,236,291,358,35,394,463,127,214,418,455,276,351,56,458,296,295,71,261,49,276,410,178,293,346,300,66,17,89,5,271,74,112,317,431,91,31,339,34,465,345,43,267,360,8,321,393,333,176,232,45,150,334,122,212,452,207,423,346,339,112,406,332,309,410,48,252,275,474,323,189,236,446,247,315,272,149,492,481,497,285,261,455,489,85,144,411,98,484,226,70,148,144,259,2200,251,9,197,280,393,47,17,121,270,434,123,367,345,330,278,347,336,3500,255,12,264,233,234,303,458,179,108,115,166,65,165,443,88,302,51,84,166,261,176,233,60,16,122,413,388,428,321,114,82,74,42,153,481,270,89,225,43,46,239,231,301,101,449,121,407,338,363,25,144,48,298,124,197,8,35,482
31,167,112,453,406,98,39,381,464,486,479,453,239,474,463,28,213,284,474,293,311,417,188,350,375,390,385,209,58,82,374,127,127,392,145,38,336,334,363,416,36,34,448,45,337,3,486,337,389,55,423,88,488,238,137,349,265,365,237,103,360,213,296,174,133,32,357,223,4,47,138,488,426,400,261,40,44,100,63,254,439,242,305,268,84,296,353,250,165,439,416,3,372,452,427,45,225,491,28,37,257,476,402,190,33,263,97,116,98,447,12,389,217,246,327,49,425,174,130,15,461,119,314,435,156,36,99,74,58,89,66,274,334,223,286,462,291,213,458,322,98,152,288,342,145,169,107,162,155,266,278,108,266,375,213,352,86,433,361,309,471,205,119,44,291,174,458,350,457,88,121,186,69,425,428,79,471,372,177,2200,324,267,255,66,130,458,487,234,148,249,349,160,244,3500,364,137,357,301,330,282,413,250,41,164,215,239,194,226,144,133,214,327,479,70,379,86,71,486,347,285,356,256,268,385,194,79,479,17,276,414,340,142,94,307,376,376,237,35,477,317,424,441,489,118,135,338,147,384,344,468,23,470,281,451,303,21
186,406,75,197,396,493,116,35,159,482,473,31,237,420,468,383,446,182,127,113,433,141,327,252,55,76,38,261,385,44,245,6,401,365,441,145,420,150,284,382,274,184,466,415,445,43,156,226,216,284,76,21,458,484,469,131,348,420,264,293,443,277,119,499,77,475,334,44,456,209,412,11,167,95,458,170,476,74,98,89,62,439,90,10,331,170,121,404,77,285,116,187,126,398,177,330,275,458,360,471,434,68,312,134,380,398,220,153,48,230,422,471,119,169,238,50,108,456,138,75,162,71,375,190,241,409,243,405,215,117,166,143,263,162,335,167,48,342,262,473,57,71,84,146,484,481,407,108,138,367,230,103,292,97,100,119,308,225,271,176,382,330,143,75,33,492,317,195,381,481,422,152,366,386,427,209,319,112,59,2200,484,358,358,325,192,316,249,19,100,3500,78,363,350,194,72,13,96,275,36,62,89,438,31,169,307,459,122,309,307,158,144,333,119,4,424,212,68,147,125,484,214,281,106,388,58,306,217,389,26,477,406,269,342,349,67,451,84,82,443,296,433,437,62,56,297,297,318,146,2,97,194,74,168,294,307,387
55,215,202,158,377,32,473,290,11,405,311,307,81,240,124,260,484,128,103,65,154,55,40,100,61,339,203,38,384,136,345,191,364,360,14,70,173,465,96,229,432,292,370,173,467,323,469,265,207,303,432,109,96,153,311,36,105,435,168,281,475,290,232,370,346,365,88,409,304,20,18,69,409,233,456,497,480,435,289,298,344,247,392,484,476,178,401,236,73,491,48,208,143,44,81,419,452,82,15,425,237,209,145,434,218,20,317,383,393,20,136,245,208,54,433,147,175,151,341,4,472,97,134,330,108,337,312,256,20,321,498,395,150,396,177,41,461,247,73,497,59,147,35,441,217,471,65,487,478,290,324,88,281,3,333,303,112,473,200,496,274,53,320,83,366,198,268,250,462,340,11,41,446,378,181,470,233,470,77,2200,326,449,104,12,149,3500,432,309,48,17,114,327,330,118,222,464,197,26,53,53,18,481,441,408,170,428,415,457,482,59,39,179,320,42,497,147,71,42,432,52,36,187,392,466,6,235,127,4,88,472,370,291,414,5,317,409,492,348,107,56,489,91,268,262,17,309,39,15,108,320,348,413,265,125,378,140
88,155,2,396,3,251,185,259,498,109,299,371,318,23,92,26,432,132,340,263,417,175,433,53,259,127,53,3,251,17,234,451,315,98,438,262,272,196,471,118,226,122,113,12,284,388,378,121,491,37,341,345,249,119,278,278,148,114,202,103,297,168,492,304,252,47,30,242,163,464,207,490,151,330,92,446,492,52,82,71,27,155,233,292,68,249,481,103,58,105,162,154,178,500,303,37,159,471,356,237,410,350,265,407,137,2,188,13,492,48,95,474,82,103,391,461,46,379,179,123,406,257,318,95,443,315,136,136,263,267,456,37,70,256,149,403,129,337,460,365,186,358,309,83,318,487,361,454,39,315,57,204,263,330,44,211,407,37,53,60,114,194,376,207,310,94,233,493,428,452,67,147,426,114,183,340,206,35,392,2200,282,3500,155,149,338,429,44,223,48,344,431,224,227,424,2,283,252,178,359,403,84,311,118,190,58,198,275,187,461,475,321,337,225,211,156,228,39,106,417,379,52,176,41,296,156,204,395,294,286,195,376,31,124,242,128,440,127,138,254,137,225,287,251,250,157,445,286,157,15,433,320,88,373,183,136,349
223,464,4,470,129,304,457,379,134,428,89,198,189,147,357,26,365,312,9,341,232,389,448,19,397,107,450,475,40,58,193,188,188,236,435,302,466,118,148,296,15,189,27,150,175,24,241,26,57,329,76,297,63,33,245,23,268,405,368,252,28,467,27,78,445,52,316,26,345,445,343,349,21,243,68,463,358,82,235,28,416,465,387,5,205,207,238,328,38,51,138,280,138,415,40,444,113,30,133,386,438,76,333,362,223,156,481,159,285,430,350,352,435,428,267,249,185,50,328,243,415,126,42,260,360,439,488,43,221,195,477,112,165,249,461,168,472,489,415,500,318,201,307,407,183,28,130,103,201,37,497,375,306,63,472,71,45,284,413,71,267,288,233,131,394,152,151,312,154,303,41,100,67,294,4,403,417,3500,24,2200,140,89,269,187,355,72,261,156,46,348,43,285,252,260,407,437,468,405,299,370,333,61,92,303,331,474,284,440,245,297,120,365,301,202,403,460,399,121,300,356,185,230,242,410,425,437,232,317,496,54,334,110,87,128,60,273,113,156,462,85,451,325,379,262,209,318,106,41,264,96,65,126,10,97,285,154
318,286,166,54,396,203,217,375,469,495,38,153,278,295,173,279,185,378,180,73,401,407,495,463,383,65,258,2,221,24,10,24,323,449,449,441,37,71,241,191,405,21,170,300,16,93,472,56,394,489,41,411,304,374,360,104,264,381,319,106,149,66,416,435,494,462,96,204,240,266,342,227,59,483,481,12,201,318,81,157,402,305,293,34,317,274,174,456,125,221,243,140,36,289,249,20,298,111,471,166,87,53,61,356,177,476,254,377,129,259,472,29,16,118,124,96,30,382,64,145,13,256,389,227,102,165,81,282,460,8,189,204,242,440,440,6,168,373,356,405,81,449,195,383,394,495,200,382,392,196,102,201,221,349,74,100,200,477,160,85,117,263,459,50,431,298,178,78,142,298,77,120,482,3500,416,236,79,392,297,2200,76,333,18,230,442,7,484,81,36,473,83,296,155,262,461,500,313,122,48,197,245,55,59,440,68,374,262,31,437,482,441,19,6,412,241,208,401,321,414,386,459,358,270,481,390,313,249,120,243,328,192,86,2,274,413,201,129,41,107,439,119,369,43,492,128,347,456,304,416,467,33,146,459,398,79,426
310,158,422,327,47,415,400,473,98,191,45,265,211,38,406,139,381,372,162,277,223,487,50,205,304,459,282,320,192,372,32,50,495,47,259,0,377,233,18,354,28,273,252,10,113,341,98,100,168,111,225,135,315,223,314,296,160,14,110,114,381,18,340,217,187,262,292,441,483,25,127,306,158,130,177,457,45,478,0,500,232,448,57,267,68,65,390,145,29,495,146,1,142,430,276,207,219,207,136,160,500,286,389,37,223,132,189,369,233,498,66,486,286,218,179,383,480,242,29,78,251,110,104,38,43,314,262,63,55,141,63,427,445,141,426,162,268,80,134,58,143,385,257,451,122,362,451,457,139,437,433,236,103,243,389,73,106,45,63,160,236,120,321,344,22,312,114,414,233,3500,3,244,246,43,238,250,111,63,17,2200,416,472,175,491,7,3,257,428,125,60,28,420,253,424,160,379,357,43,120,274,414,487,266,279,303,385,261,214,432,413,496,454,22,370,461,244,496,394,441,382,320,355,76,81,47,424,375,156,113,5,259,170,417,223,439,477,407,37,384,403,3,226,137,26,303,107,217,436,306,92,223,171,185,337,394,439
160,106,341,456,126,490,342,122,293,78,466,42,21,294,393,147,215,330,36,291,378,285,131,39,31,302,485,459,411,74,299,456,49,60,472,309,284,370,267,254,105,33,391,9,490,242,467,291,11,397,43,333,82,262,170,84,111,148,413,306,465,64,286,422,292,61,401,423,54,37,349,112,88,192,34,306,184,7,349,402,205,59,111,261,209,105,306,173,244,78,124,56,236,133,180,396,226,255,262,454,105,333,164,62,33,7,482,25,320,44,177,155,25,366,53,63,54,459,81,164,259,82,108,459,30,428,122,289,93,267,321,31,475,352,237,490,221,321,456,398,120,55,77,393,16,320,189,318,400,309,32,211,407,210,71,180,301,62,279,471,332,120,457,180,450,3500,316,249,406,360,333,416,318,194,68,211,251,352,215,2200,330,416,66,217,105,20,20,330,454,272,0,253,326,19,3,221,192,369,299,257,277,91,313,80,455,41,297,401,480,388,451,310,47,199,446,83,394,232,471,281,0,426,328,364,164,339,164,21,33,378,129,147,124,302,45,167,85,125,449,85,467,34,298,277,175,490,466,96,300,135,94,245,13,267,88,29
23,368,100,96,106,276,470,79,181,26,439,433,228,63,231,372,207,1,109,407,212,131,41,224,277,379,266,447,450,34,228,364,232,204,118,337,434,461,302,445,198,359,144,241,137,367,425,314,37,150,349,37,192,126,47,119,452,189,130,449,24,488,287,315,67,90,349,444,169,63,371,349,289,475,7,304,293,3,102,273,112,293,276,403,21,363,369,386,471,379,261,98,378,21,497,57,283,223,182,195,266,2,391,385,304,302,185,259,165,178,407,111,39,158,89,298,433,15,489,215,151,465,57,57,416,342,93,351,21,471,303,79,85,260,354,132,259,20,232,5,261,245,481,385,13,472,282,329,189,252,51,242,122,418,59,234,394,498,7,432,257,3500,429,97,69,260,91,171,443,296,420,136,273,409,256,421,41,153,330,2200,351,305,437,147,472,175,208,119,348,27,296,216,43,73,283,328,125,201,220,74,473,445,430,475,64,430,70,181,321,142,229,242,434,92,367,247,182,239,17,249,116,471,458,221,233,469,163,216,278,387,431,342,36,207,114,126,197,338,217,462,135,69,420,23,115,92,341,445,305,270,474,51,358,83,329,368
82,452,60,465,376,405,56,387,127,95,442,114,271,62,240,360,311,62,405,140,42,278,356,10,45,103,96,137,359,13,414,183,12,413,203,43,241,172,370,197,406,498,324,49,160,239,383,209,117,273,387,241,340,397,306,128,164,325,182,416,102,460,345,385,361,227,131,235,428,376,380,34,341,391,100,137,164,429,382,338,356,216,358,141,107,136,187,396,135,494,58,142,114,165,453,222,320,301,198,438,33,490,11,205,456,121,23,485,312,22,375,269,475,360,349,247,186,233,247,10,44,83,457,22,492,293,348,458,264,2,310,482,453,386,137,392,173,426,221,207,118,174,224,481,209,238,433,130,259,280,112,373,2,208,473,213,74,3500,324,377,31,391,148,459,492,197,454,22,360,5,264,53,27,288,428,212,441,130,408,2200,375,391,422,411,322,393,432,23,468,348,1,105,245,475,312,76,460,495,425,187,366,115,407,333,155,378,100,344,284,304,478,247,333,7,189,107,156,455,315,28,206,236,438,118,63,270,191,248,157,376,300,309,426,488,345,33,66,82,224,165,159,53,187,398,304,408,460,210,377,395,482,232,351,141,32,367
49,334,346,274,46,319,183,440,172,167,241,246,143,62,172,76,159,308,118,475,184,257,471,255,98,138,114,284,296,16,382,22,87,127,242,346,10,21,35,362,465,456,352,247,228,247,277,159,494,55,357,452,457,20,49,3,444,17,173,127,133,356,343,106,75,233,427,109,22,421,297,280,78,335,359,215,162,16,113,482,46,483,289,281,190,141,157,297,39,125,443,339,205,417,314,464,423,2,168,207,16,381,78,296,456,256,315,337,197,261,239,440,36,88,442,447,411,469,57,235,156,484,2,28,323,321,25,111,497,489,342,45,78,234,214,147,441,29,27,233,445,155,34,242,239,241,182,203,428,223,161,165,482,3500,222,368,174,55,130,48,385,320,109,198,400,288,332,279,226,102,431,480,449,226,342,308,209,18,222,2200,455,463,383,375,52,263,215,303,264,301,183,223,125,390,304,11,436,496,262,167,246,68,453,326,181,298,130,382,409,336,80,57,223,301,405,335,38,273,292,77,277,128,1,405,94,418,460,98,84,182,428,417,141,302,461,249,89,91,286,467,267,298,92,269,475,350,395,91,118,70,466,176,268,482,286,10
423,301,388,6,314,361,99,344,294,372,487,105,435,12,172,210,384,89,148,125,443,229,78,342,256,387,5,161,458,437,166,470,419,405,327,384,9,161,301,418,344,147,469,270,293,433,466,22,62,394,176,441,167,349,473,62,290,288,222,283,469,375,369,226,109,35,159,251,39,161,435,177,403,63,433,393,422,492,26,368,334,142,100,426,327,73,166,137,301,9,300,376,319,278,341,413,410,285,99,17,38,415,361,137,81,433,37,485,63,42,59,301,185,46,43,51,474,186,91,463,258,378,261,266,355,486,307,56,416,404,239,278,3,347,410,2,216,314,322,24,301,249,178,302,491,118,152,33,85,3500,428,72,132,435,52,486,454,123,278,374,91,467,484,215,226,306,364,148,422,93,491,49,323,75,373,81,102,381,34,2200,479,289,36,197,408,237,481,19,436,475,465,336,493,119,421,251,344,74,21,404,266,464,431,485,99,442,105,265,59,193,2,247,374,33,458,237,347,349,236,54,265,220,404,441,329,155,338,10,170,210,47,225,45,378,58,381,64,126,69,407,184,76,18,300,220,428,288,66,320,451,48,137,131,289,360,497
184,277,390,225,342,446,438,208,220,87,454,244,93,24,411,483,410,88,5,357,211,63,198,263,100,44,69,151,110,199,157,213,210,112,307,126,297,480,350,224,50,8,237,211,56,297,33,72,425,444,44,34,230,287,181,319,492,1,412,133,400,53,402,348,274,425,207,199,319,20,108,258,405,21,364,1,304,481,281,68,425,384,3,29,304,1,175,66,38,182,266,88,292,473,191,366,64,178,345,31,276,57,105,400,409,435,414,464,27,14,75,485,17,227,270,34,283,401,294,425,191,457,176,128,86,246,309,433,396,305,396,208,326,422,127,391,116,442,454,369,29,310,360,246,493,3500,402,16,438,354,150,145,167,96,276,430,291,431,451,413,98,357,398,416,120,221,18,125,467,218,143,62,338,462,319,139,443,5,400,2200,174,51,215,98,109,469,93,436,442,234,396,303,215,182,12,327,154,360,277,371,165,384,127,424,232,140,241,181,228,190,200,199,293,208,159,280,54,373,170,396,477,471,439,150,337,119,5,190,278,318,293,481,106,190,152,208,202,358,31,360,299,452,49,432,55,125,29,437,298,68,37,352,9,396,465,341
207,141,97,112,430,8,417,113,0,185,211,309,115,413,83,317,51,155,309,332,420,418,38,363,195,352,56,494,351,187,453,434,465,237,320,166,220,104,491,285,210,30,293,117,356,480,219,219,393,141,105,220,50,434,362,470,376,360,39,226,171,440,327,138,120,428,363,50,356,290,259,70,210,262,465,424,326,128,465,281,109,428,355,432,251,274,64,252,322,221,11,343,427,148,40,188,7,270,216,13,58,49,486,184,307,457,391,126,417,28,273,235,113,161,481,81,350,251,102,91,68,5,134,469,125,231,465,83,44,303,267,360,205,361,288,116,368,201,413,435,364,3500,367,33,86,69,258,487,436,391,73,272,73,341,196,101,305,32,210,335,423,199,471,224,33,422,225,295,317,81,372,344,131,443,220,377,322,498,231,2200,182,38,379,140,39,266,38,33,81,186,127,382,242,217,232,138,301,476,116,35,192,269,424,167,319,56,308,255,238,181,292,250,175,297,240,246,373,458,91,83,33,322,283,394,33,339,77,62,495,330,143,164,191,355,63,431,456,305,47,95,191,326,122,215,347,16,284,322,119,333,57,473,431,356,271,155
231,495,36,225,251,86,118,97,122,163,22,63,458,267,248,89,438,388,51,291,156,491,407,267,494,404,51,216,435,380,68,0,237,197,495,252,497,52,60,43,194,298,482,277,173,14,145,481,427,151,53,481,348,392,272,293,374,47,218,83,25,188,445,152,474,378,487,294,42,250,153,488,407,16,307,327,77,119,372,345,89,211,47,349,294,363,244,345,351,90,186,335,35,153,448,426,378,247,450,143,294,109,14,237,434,354,152,471,157,151,118,169,34,93,142,79,376,25,232,439,176,388,478,284,362,302,213,493,371,146,315,315,286,352,35,299,148,3500,479,180,451,110,197,211,395,464,308,133,377,144,12,35,352,379,418,200,35,5,446,403,450,358,202,136,420,185,5,472,457,229,29,255,311,417,465,485,161,263,215,2200,306,258,79,140,136,70,115,203,446,297,297,491,90,290,103,15,293,462,106,173,194,286,408,42,93,6,119,97,431,492,160,32,311,485,180,305,456,357,71,215,315,9,333,121,89,450,283,173,86,46,461,137,252,45,26,68,451,342,299,438,386,255,435,163,9,215,140,456,196,155,184,256,263,234,105,280
462,7,355,189,19,221,448,79,187,290,451,422,64,495,297,386,128,202,227,85,40,193,13,370,307,164,358,37,491,346,365,386,226,327,183,372,321,386,268,15,262,136,400,459,112,6,231,354,72,56,202,394,441,465,55,216,91,117,34,429,20,244,78,487,34,363,305,316,285,470,385,46,178,109,185,149,11,122,245,191,201,54,288,327,145,265,89,41,72,182,208,440,22,471,118,406,97,447,57,2,218,334,424,32,365,89,68,471,122,153,232,297,490,73,7,342,219,332,415,57,152,172,198,314,321,319,2,216,234,191,24,179,294,3500,213,335,81,458,420,489,162,461,48,443,496,223,36,431,325,360,81,155,193,299,448,76,224,484,359,131,1,293,97,166,7,49,362,430,264,493,3,41,331,164,150,4,135,5,439,2200,8,466,64,335,471,195,478,190,5,470,211,410,353,413,119,254,439,63,413,243,52,357,388,467,220,487,463,447,379,310,459,7,216,78,479,45,168,109,370,351,369,226,16,347,23,36,199,284,48,236,140,29,163,187,121,368,335,18,497,334,274,119,498,386,249,138,488,103,15,432,357,223,494,428,410,91
276,90,424,360,381,340,278,270,285,229,94,184,458,259,322,475,442,285,439,375,166,437,497,348,108,394,28,49,406,458,58,135,486,323,198,159,418,462,404,77,217,272,205,311,289,350,144,428,71,414,460,5,273,389,48,215,491,183,410,296,102,245,251,244,304,35,385,64,463,145,158,173,476,374,43,63,158,333,159,118,150,84,217,398,447,176,200,83,137,386,260,193,101,470,101,63,59,192,93,238,464,332,24,34,147,20,192,459,33,142,235,7,136,116,269,420,432,135,255,97,115,329,240,177,57,184,76,402,269,3500,175,82,184,22,248,102,380,479,376,386,200,224,46,231,269,495,152,260,87,350,181,239,147,342,101,193,60,256,377,476,451,245,415,146,278,57,244,400,372,492,311,284,286,286,223,401,429,277,44,2200,357,2,312,497,237,53,225,316,219,151,306,487,290,328,254,435,17,19,390,154,22,147,169,79,222,324,262,288,491,47,67,91,383,386,397,229,341,211,125,58,154,184,95,388,443,55,452,398,98,295,410,118,296,206,11,51,376,132,437,282,303,229,285,278,424,9,423,474,17,163,309,49,311,371,63,212
286,78,173,141,181,36,306,46,498,228,460,253,366,32,479,244,300,427,310,385,391,157,74,199,116,388,138,102,21,441,290,258,42,23,81,220,97,443,241,38,94,287,67,366,51,345,446,413,103,59,382,190,220,237,30,62,65,22,129,71,480,420,391,122,471,152,297,147,77,300,86,277,228,9,374,16,49,217,333,285,272,31,228,303,460,383,320,80,301,280,224,82,493,169,481,83,8,188,167,152,138,172,447,318,286,276,478,414,416,500,51,273,280,372,10,138,6,270,71,405,487,88,478,22,22,3500,495,395,127,31,358,311,145,428,389,132,237,369,456,418,29,22,66,241,166,117,466,358,466,117,103,139,235,240,197,453,276,281,372,110,73,55,108,236,148,198,419,9,403,474,299,497,347,236,228,442,139,457,483,2200,24,494,330,490,284,237,410,290,449,458,159,317,370,251,42,220,157,157,82,310,193,350,253,99,446,106,458,386,147,5,214,353,236,243,217,389,335,484,478,223,458,329,374,421,88,129,297,273,40,40,187,10,207,3,186,380,86,398,371,162,497,388,370,223,43,98,228,257,314,248,112,319,419,463,66,31
313,262,32,103,318,363,432,126,95,440,469,268,282,371,354,77,357,27,268,441,243,446,134,383,439,423,442,196,486,141,303,257,80,82,276,4,160,475,305,422,244,484,292,77,357,176,391,295,171,449,290,13,323,33,83,77,178,95,68,470,184,348,436,321,88,264,345,54,3,453,464,100,307,316,65,392,18,135,157,33,185,340,106,455,310,424,274,370,200,177,16,458,204,76,286,380,285,216,435,206,104,114,74,4,200,406,208,282,448,446,117,303,392,319,397,206,128,210,61,105,333,3500,110,333,455,120,379,456,458,451,6,95,337,292,232,157,315,325,393,39,481,169,20,93,101,50,146,406,87,212,97,49,13,269,65,481,245,13,246,271,473,450,380,265,54,195,233,7,185,206,17,436,65,460,326,293,73,259,431,2200,163,79,272,278,284,472,53,375,143,56,55,18,313,470,257,53,496,226,312,170,21,302,422,284,202,174,494,314,221,264,231,100,209,369,340,376,226,54,401,285,476,3,338,182,184,99,500,466,24,15,461,351,263,119,337,4,144,286,358,108,477,29,26,95,75,470,467,257,437,339,214,415,445,450,282,86
356,3,32,49,140,137,415,200,408,306,196,49,418,262,273,321,176,160,148,237,154,64,262,348,49,369,170,248,138,65,323,225,78,435,485,48,420,143,235,48,290,321,337,142,82,179,81,450,293,230,182,43,402,143,87,308,168,190,315,346,306,119,134,139,105,246,299,172,495,85,400,42,13,431,253,39,474,335,16,368,186,370,75,65,160,384,68,223,488,322,245,437,440,20,369,359,435,200,391,442,405,262,138,424,40,365,77,159,424,290,87,352,372,468,484,234,254,3500,72,192,465,119,383,355,352,391,313,453,0,112,323,466,459,335,499,363,212,434,473,69,382,101,49,16,157,486,6,69,175,49,180,114,162,116,325,300,428,315,336,370,22,405,245,71,484,388,465,431,446,146,100,416,52,200,442,13,33,72,39,2200,343,210,490,27,273,282,142,329,412,354,284,156,41,236,31,256,18,93,97,88,445,11,327,68,384,115,2,157,394,133,136,184,468,217,328,165,296,433,490,288,395,361,394,149,357,274,87,117,384,414,64,222,247,317,192,30,481,46,421,232,304,428,223,175,389,366,109,29,435,242,235,61,376,217,430,499
492,263,375,148,427,456,333,46,472,189,276,175,66,52,470,2,161,139,453,159,257,174,254,184,368,128,315,13,136,86,267,329,203,70,68,130,490,481,142,115,277,93,431,150,173,95,154,215,45,390,126,147,38,60,421,280,127,406,474,374,204,90,234,447,195,206,319,353,280,406,339,128,245,164,162,66,150,108,173,12,281,202,346,420,173,18,66,207,469,454,365,432,93,384,297,57,88,455,328,401,87,492,259,81,182,422,430,309,423,19,330,93,429,3500,205,120,478,22,25,16,462,137,307,429,153,45,10,207,419,480,312,226,237,59,334,156,70,54,480,435,80,456,457,361,140,213,165,192,59,276,413,468,68,187,398,70,171,148,273,494,415,217,52,136,204,334,422,489,54,70,373,92,186,236,91,375,163,125,194,2200,448,236,219,313,344,195,16,211,41,378,377,361,96,383,346,447,345,425,15,216,390,148,87,178,7,41,81,112,399,384,294,70,2,376,88,105,365,40,455,6,61,213,356,111,285,37,29,440,137,389,360,7,95,406,382,468,416,248,471,237,477,55,183,232,245,472,91,373,469,17,48,156,79,409,38,293
48,206,91,393,487,432,237,349,156,14,242,436,31,269,474,400,466,222,312,494,91,455,289,173,283,58,36,141,291,449,245,69,324,146,440,389,491,432,231,417,258,491,395,226,19,492,328,309,388,177,448,56,84,133,335,57,165,329,377,184,333,168,473,67,397,274,367,353,395,443,103,6,74,429,323,320,487,353,426,483,472,14,314,31,288,109,61,479,345,219,97,50,486,489,35,269,99,495,419,399,490,303,32,204,216,258,174,212,357,3500,279,105,215,367,58,281,91,253,122,66,441,236,78,453,253,343,395,395,148,305,34,450,325,48,250,17,330,104,231,217,156,189,349,203,482,365,453,497,130,467,74,270,394,170,412,340,279,290,443,355,128,280,405,490,176,375,422,317,297,249,408,84,391,480,320,138,360,54,378,2200,41,104,346,374,129,169,363,24,298,478,447,201,192,308,252,24,458,65,240,284,386,0,445,2,439,69,91,113,69,57,279,195,88,27,231,207,461,379,269,400,224,159,227,445,397,5,75,426,146,77,145,311,249,214,416,222,497,404,394,65,11,120,497,113,48,364,412,54,112,354,114,269,9,302,24,89
106,495,74,311,31,424,398,482,268,472,346,209,479,334,254,284,35,319,70,215,16,165,331,188,488,76,405,139,444,52,135,213,447,411,167,47,3,245,155,300,229,350,165,315,294,129,498,8,136,381,182,395,440,438,150,150,386,311,167,196,290,315,280,323,257,370,460,411,156,194,369,147,437,312,173,51,407,227,217,32,54,151,21,450,321,393,197,242,122,401,168,164,59,474,320,399,73,242,387,161,182,203,12,133,34,3500,84,458,382,126,337,68,22,64,355,96,423,214,273,305,199,162,439,197,215,348,435,177,326,293,52,77,404,336,84,330,221,400,499,462,183,261,56,247,68,154,435,167,279,201,198,417,222,475,153,399,26,16,270,156,189,190,294,274,402,93,39,147,260,199,316,249,284,484,438,490,148,457,56,2200,319,469,284,476,328,110,407,431,223,264,266,404,178,404,131,391,38,3,20,123,47,147,134,2,186,308,412,282,125,278,55,297,251,33,401,86,388,470,398,68,350,67,432,284,114,51,212,365,251,89,50,448,161,50,397,231,476,420,349,334,445,287,167,268,207,463,354,101,489,249,57,366,127,39,50,377
37,277,50,3,148,319,302,9,452,397,214,266,487,49,194,259,264,70,140,27,401,11,416,436,171,327,273,0,50,435,119,40,324,136,197,225,438,320,219,442,138,279,29,33,398,355,263,287,82,185,369,314,336,113,173,166,111,253,199,299,88,276,131,361,364,103,232,176,105,373,26,234,291,289,498,239,390,433,459,186,268,346,275,220,120,50,67,64,323,395,243,385,464,363,6,30,287,205,414,364,115,3500,25,209,335,185,255,144,42,433,282,325,151,497,179,189,368,47,475,426,170,31,360,235,223,4,470,491,396,58,296,156,96,215,21,54,256,58,0,48,24,267,359,191,19,496,26,306,455,466,182,375,121,374,177,376,427,169,54,315,365,28,30,268,304,128,400,348,94,183,274,173,104,410,340,128,17,359,300,2200,228,86,328,428,464,444,41,362,51,178,285,265,232,213,403,97,3,84,254,447,500,357,404,459,414,287,480,239,424,126,249,465,42,429,71,497,193,379,253,278,66,447,133,289,60,380,20,334,361,251,71,473,209,96,132,457,96,306,131,66,449,89,74,316,74,225,54,257,199,12,317,304,471,419,57,72
318,406,327,173,196,160,86,252,19,145,379,491,144,192,125,23,43,446,307,21,152,246,55,155,117,101,162,28,491,312,0,372,488,34,475,282,243,369,179,123,81,155,177,119,448,57,174,207,137,258,428,246,94,90,425,244,418,371,355,227,406,394,83,144,136,26,245,275,151,214,286,140,399,85,52,113,454,165,102,314,5,198,384,111,202,71,217,74,344,403,182,310,272,38,105,68,372,3500,379,86,389,115,476,205,290,19,281,92,273,345,108,386,168,200,200,365,215,100,157,260,409,253,312,404,134,156,319,431,401,488,150,68,241,225,69,428,233,294,217,350,386,492,50,87,425,26,85,474,360,6,279,272,442,113,5,376,16,184,239,355,171,175,316,477,296,295,249,97,69,87,108,491,421,308,63,38,100,266,393,2200,178,144,390,456,385,486,372,359,292,443,299,408,215,392,402,132,413,274,276,8,190,345,269,431,459,90,54,389,280,313,443,184,393,466,33,460,240,258,179,190,37,37,323,112,4,87,48,323,240,201,349,454,485,316,190,470,25,429,465,386,462,220,341,370,29,276,56,166,34,328,87,178,20,353,52,391
228,482,402,266,130,120,33,299,453,118,219,417,161,452,500,411,218,468,64,187,378,499,341,63,328,275,219,399,58,244,224,367,260,485,243,230,238,393,296,227,20,348,463,433,75,128,82,38,163,95,477,410,145,468,366,368,12,491,235,45,158,361,15,14,38,193,261,237,457,251,373,227,249,463,390,9,89,49,376,368,44,439,334,56,221,185,19,261,491,14,163,480,113,3500,301,313,205,375,43,90,350,480,103,244,482,2,272,352,41,25,163,28,40,89,499,91,416,17,10,30,50,435,495,454,384,249,19,77,262,367,483,155,17,464,119,6,18,274,476,345,244,36,47,409,478,410,276,221,308,460,174,28,272,379,32,307,320,223,448,92,200,449,312,124,236,455,419,19,185,122,308,268,254,94,441,263,430,328,474,2200,303,397,466,116,170,404,5,377,338,423,326,68,499,24,448,403,347,347,184,56,440,213,99,195,397,125,433,38,174,182,238,142,454,451,336,114,221,159,148,204,376,216,486,20,488,18,331,79,485,175,228,351,153,328,431,467,23,161,361,310,450,64,84,355,227,50,287,308,63,131,481,18,311,316,81,47
37,273,374,131,286,99,217,446,497,281,110,474,498,121,409,266,437,230,146,105,371,441,259,119,18,382,439,379,27,477,431,366,136,382,180,83,89,156,190,189,399,238,160,290,374,419,456,401,43,144,66,348,416,114,176,1,199,112,149,236,4,287,440,225,128,39,308,129,247,91,243,235,70,79,125,226,339,1,77,165,469,309,155,50,307,245,209,267,242,3500,185,62,363,397,271,150,85,447,15,99,442,165,102,444,309,392,438,109,405,421,390,476,331,117,73,473,454,11,94,323,326,351,475,287,253,307,300,330,334,446,406,184,414,460,499,96,499,362,142,270,451,314,100,140,66,98,170,391,150,193,129,367,101,311,182,74,157,205,378,392,344,42,73,193,322,217,265,251,297,268,388,63,23,375,443,276,47,467,145,2200,268,67,387,218,348,80,368,493,467,420,211,7,317,56,72,392,355,472,29,392,58,311,251,84,43,332,34,424,171,307,111,406,225,74,99,372,479,478,261,449,385,376,373,308,44,335,62,258,23,500,247,11,9,6,58,340,197,252,175,253,156,156,235,117,175,404,15,462,27,302,3,3,280,483,134,28
339,437,350,363,87,160,174,309,246,213,172,28,443,143,407,276,457,88,414,137,316,68,282,418,261,179,134,260,246,74,103,367,92,139,465,325,41,343,436,123,443,365,243,145,401,273,414,153,24,268,27,241,270,166,85,226,476,261,175,229,346,499,209,224,366,331,309,193,57,124,469,466,231,374,377,428,276,135,376,88,210,467,240,431,214,3500,498,359,482,98,347,468,18,327,174,60,74,76,211,329,455,474,467,207,18,177,77,240,15,132,154,84,362,469,252,208,144,344,300,351,13,32,375,161,241,373,223,274,378,444,84,254,444,200,407,221,207,102,118,146,390,184,314,285,311,281,166,310,73,111,74,236,333,215,168,141,156,16,488,59,230,491,75,77,277,479,472,234,457,300,115,156,59,265,359,43,206,258,28,2200,420,321,53,300,36,67,14,129,369,73,481,59,203,160,251,361,172,251,129,443,31,381,201,286,64,154,424,122,40,397,81,405,154,150,243,438,228,398,484,276,31,271,310,443,178,295,366,373,465,411,49,281,468,290,104,221,35,449,367,404,299,16,412,359,17,156,327,30,287,0,484,398,273,374,249,384
411,456,113,435,396,212,389,486,100,152,31,421,163,483,228,211,381,374,476,99,6,374,399,499,326,14,223,212,10,88,406,363,134,23,424,193,343,220,151,211,365,439,304,89,169,82,101,222,144,46,399,147,183,89,234,248,161,106,490,332,205,333,134,36,6,363,289,104,125,126,162,468,403,322,494,171,18,302,364,363,477,3500,398,184,402,65,213,342,9,466,189,50,87,457,191,345,438,123,451,190,493,93,109,464,244,280,387,49,70,129,283,377,329,72,376,335,249,350,83,36,87,205,373,421,197,66,79,473,405,338,262,500,367,51,389,192,105,183,7,16,63,329,446,134,402,200,73,143,121,488,110,63,226,201,416,27,173,248,59,96,64,87,485,384,194,308,20,166,299,210,380,20,90,189,64,186,64,115,159,2200,451,276,294,426,310,55,21,303,33,148,436,59,122,431,275,461,295,303,417,355,138,177,477,154,426,81,493,388,86,5,187,381,343,132,52,382,387,34,465,50,117,58,466,180,109,273,12,469,23,88,138,170,29,81,276,56,336,475,149,9,23,388,365,480,450,436,374,356,317,62,146,103,103,306,102,220
150,240,104,214,196,80,276,376,27,414,375,183,328,108,126,462,93,46,77,93,320,277,327,458,288,220,251,76,79,429,186,347,463,208,0,485,476,314,127,6,236,230,335,279,304,381,462,233,482,431,20,50,75,397,375,142,225,127,497,348,477,425,225,155,19,147,358,245,62,385,210,378,307,171,55,487,261,3500,57,297,185,71,204,88,118,22,113,53,141,459,264,330,67,40,152,387,146,345,88,212,447,57,255,158,466,0,276,375,393,429,42,104,254,298,76,101,244,202,78,287,85,415,272,384,14,40,259,232,259,306,396,407,257,10,159,1,104,334,374,44,384,371,489,356,387,151,90,405,151,213,309,194,157,448,371,215,143,24,140,343,13,435,347,60,394,161,340,425,422,16,22,17,409,69,127,187,157,471,482,2200,343,316,461,246,124,158,15,17,30,477,59,220,65,12,98,496,397,1,165,463,305,206,10,226,441,456,49,325,53,226,343,179,277,354,302,44,12,311,496,45,116,483,24,102,23,192,275,54,395,81,182,350,325,43,16,337,480,256,6,204,209,430,306,103,405,144,110,437,238,409,337,465,480,225,267,438
333,477,380,39,111,134,137,499,360,213,61,188,87,480,332,489,118,29,364,395,497,7,62,286,62,181,241,80,50,478,382,4,269,38,352,169,319,29,243,189,464,119,318,78,100,34,126,224,348,357,239,258,251,280,79,42,382,437,397,296,237,354,273,291,268,472,240,95,455,213,461,219,279,3500,57,53,496,405,75,223,115,490,113,6,436,66,30,321,293,440,392,110,328,97,200,358,73,192,98,137,30,247,387,228,295,166,419,304,13,397,190,194,218,269,436,148,110,30,315,47,383,196,300,265,233,434,447,428,104,191,37,145,13,130,422,97,469,354,172,136,432,441,277,225,401,236,411,10,243,321,450,279,192,465,467,100,72,469,201,440,207,166,170,123,152,373,261,199,344,128,13,16,295,15,393,415,417,205,68,2200,348,311,424,90,209,281,122,180,14,308,444,306,159,397,245,321,80,62,280,47,426,156,406,178,374,144,387,67,367,13,192,339,3,55,325,225,88,211,472,134,80,272,237,147,84,151,355,438,312,137,214,437,252,80,490,311,245,149,68,262,26,282,39,395,175,246,324,468,418,255,382,168,406,68,217,257
119,281,400,31,355,330,368,49,10,497,356,274,477,174,124,123,356,431,107,27,497,481,419,341,486,293,71,352,8,298,468,356,236,300,73,148,64,56,112,393,361,247,234,424,358,313,299,426,479,439,113,101,40,60,23,291,413,474,295,415,91,446,466,222,213,204,91,405,449,3500,320,308,349,98,432,105,437,443,398,264,48,1,253,214,48,263,172,89,323,429,67,171,78,184,85,320,71,120,215,186,130,360,365,40,326,115,188,208,258,272,495,292,246,133,394,281,311,99,23,154,481,442,270,366,314,24,133,192,114,204,463,232,31,58,343,487,68,462,476,46,421,244,210,291,38,435,247,182,131,428,456,375,419,318,260,283,436,365,490,102,329,290,361,310,164,154,148,130,226,314,368,496,276,275,379,473,22,115,245,2200,281,288,411,64,447,90,91,334,470,214,84,61,4,24,229,327,452,187,137,478,255,173,210,185,72,422,429,296,207,56,470,262,124,395,215,376,440,40,307,121,272,495,309,24,58,471,472,63,96,441,67,312,374,275,395,50,19,139,357,471,257,482,87,133,170,294,240,486,393,405,48,186,488,359,328,306
199,455,14,372,449,87,300,133,496,182,148,231,245,174,180,195,353,148,121,328,478,142,462,163,87,307,102,276,93,165,80,79,221,9,323,266,34,42,155,226,411,475,400,139,293,380,248,64,477,327,279,51,76,196,125,420,298,39,18,93,83,247,27,375,446,3500,53,361,272,422,38,427,102,157,195,386,184,234,254,27,215,190,411,437,129,410,91,250,154,427,120,292,407,277,2,36,52,35,92,359,37,172,498,245,169,105,133,452,439,282,30,349,165,412,299,247,377,37,115,85,175,67,373,74,494,424,465,228,278,465,351,23,195,475,408,314,477,144,416,415,495,153,184,46,427,210,397,5,15,201,74,492,378,476,144,73,298,378,447,331,407,309,368,451,132,424,256,57,208,438,288,64,185,38,66,48,368,470,424,2200,64,327,102,489,162,369,369,75,467,320,193,462,230,233,357,314,101,454,204,84,477,151,388,104,405,1,268,108,348,94,245,347,311,126,258,124,150,54,221,291,373,17,73,316,482,404,276,459,246,53,381,89,165,312,342,59,51,130,308,53,8,227,409,140,143,478,107,201,222,43,380,462,82,44,359,131
145,482,498,302,141,291,389,229,103,62,119,23,174,10,372,49,96,368,60,382,486,41,109,425,371,275,485,416,218,142,339,279,17,468,182,226,483,82,112,7,39,90,331,485,111,295,306,280,388,209,229,132,455,387,486,312,406,126,226,261,83,3500,24,318,90,317,61,217,420,411,151,352,144,10,418,93,478,475,49,131,410,484,92,102,288,285,334,184,137,34,453,83,345,463,14,271,462,82,199,117,392,475,234,426,354,28,67,239,241,307,150,333,340,186,207,434,9,316,240,294,334,174,172,323,17,476,312,298,85,40,61,230,102,15,471,55,438,367,459,139,212,266,415,343,495,288,216,258,215,388,168,315,4,445,72,374,186,21,240,97,103,484,428,223,260,252,434,416,78,145,456,484,93,317,421,83,294,33,381,2200,78,89,20,390,396,117,140,203,425,267,202,30,89,59,480,259,179,284,223,73,300,201,384,221,403,449,40,24,318,324,169,1,458,481,139,241,85,349,121,339,375,114,362,99,70,203,100,19,31,111,127,43,259,456,236,82,0,372,458,373,153,62,56,465,78,296,172,443,163,149,413,272,21,22,4,55
33,481,33,315,343,332,129,260,111,14,4,267,50,90,232,166,466,224,342,92,492,164,154,81,230,132,318,459,443,281,446,454,326,44,395,5,471,205,16,117,15,160,254,263,293,160,202,84,219,369,163,389,293,239,95,42,98,3500,462,312,266,214,367,80,83,230,87,213,35,334,350,16,280,231,266,76,470,413,454,26,55,354,181,380,205,441,219,338,185,470,478,258,146,94,193,22,362,384,124,360,32,261,239,46,332,190,433,240,478,416,99,9,211,138,104,335,2,153,352,41,30,437,302,417,260,414,256,436,144,186,32,210,307,13,218,209,336,132,124,326,208,4,471,208,131,22,252,451,121,225,227,291,473,449,179,41,367,258,431,375,402,355,235,55,252,177,210,162,190,359,236,235,486,45,54,106,380,438,474,2200,112,213,171,303,477,90,468,81,167,488,471,272,70,274,479,306,185,121,304,82,337,341,335,211,20,153,473,175,217,249,318,453,257,33,155,63,111,338,193,130,132,293,149,3,139,477,293,355,111,398,196,138,26,145,182,331,187,480,146,108,173,309,42,282,283,46,413,287,135,158,177,48,8,88,212,0
497,409,308,250,70,183,89,359,20,322,305,493,492,119,126,127,476,312,50,195,169,410,242,147,281,449,495,1,206,108,264,245,3,125,248,194,75,171,110,32,495,306,414,108,290,8,374,144,404,237,198,196,230,3500,293,43,31,98,356,418,481,68,37,415,406,494,360,145,328,302,220,81,190,368,144,482,121,135,496,86,115,263,331,289,271,393,407,362,224,379,211,407,164,263,348,102,33,93,139,363,54,366,441,291,122,165,199,178,69,24,429,483,225,268,260,260,114,366,462,342,278,242,330,422,402,468,2,73,287,200,54,418,475,66,219,398,388,413,8,12,77,490,398,356,227,459,337,137,478,209,394,404,228,430,331,82,53,5,75,381,3,450,238,100,198,165,28,182,95,460,4,102,38,278,283,407,318,301,376,2200,92,236,98,454,491,20,347,464,479,464,192,180,107,215,9,15,52,391,167,118,390,372,184,332,136,346,446,22,115,119,121,194,421,364,268,240,12,64,364,282,298,405,357,16,434,101,375,161,5,235,490,362,63,329,257,215,113,357,122,48,357,291,412,397,292,141,373,421,460,30,248,177,483,45,88,254
185,119,32,265,88,4,259,56,133,449,220,1,383,336,111,198,32,298,37,137,247,456,39,223,168,489,240,238,80,200,228,451,283,137,465,439,272,192,85,107,177,147,382,306,235,139,184,303,4,3500,130,323,269,348,342,75,268,449,359,135,143,27,478,163,1,471,311,409,188,96,383,130,299,403,67,270,393,311,311,299,55,135,204,335,176,91,262,418,93,482,464,275,189,364,153,426,415,440,340,373,402,101,34,424,115,159,358,70,411,325,393,188,271,256,70,404,492,236,343,319,318,255,80,459,340,309,464,179,274,257,252,203,320,72,472,143,56,220,179,217,101,446,396,128,3,329,301,416,238,255,2,159,321,325,56,237,135,225,431,7,32,458,171,171,377,72,88,232,328,355,150,94,33,337,384,16,44,112,290,2200,18,267,452,53,266,251,152,193,294,496,129,244,4,18,322,391,310,436,184,362,131,97,94,207,251,292,335,53,207,460,408,223,182,351,274,161,57,132,51,350,222,400,366,376,249,83,136,89,401,97,0,136,447,334,181,331,460,7,243,114,20,475,489,209,90,197,388,240,75,210,14,428,188,62,154,269
426,101,457,209,334,166,315,101,313,103,355,44,321,333,231,414,6,249,250,479,193,397,126,417,125,133,375,142,36,150,396,284,264,265,192,107,56,370,466,67,151,330,424,427,0,3500,203,165,266,426,247,281,379,146,103,475,456,424,332,474,8,135,138,369,47,63,212,161,436,195,78,357,242,233,53,402,52,219,62,12,361,448,108,260,279,17,46,179,184,88,236,66,272,262,231,228,118,134,177,44,4,333,157,72,161,150,496,136,55,65,239,74,290,381,44,492,5,193,405,308,307,56,44,372,120,299,9,254,8,34,47,87,4,360,136,127,204,267,240,369,397,73,136,169,251,15,234,444,354,284,420,351,136,279,166,210,119,172,132,337,183,63,153,108,52,439,218,221,11,266,93,54,409,383,322,180,75,54,54,2200,114,56,294,493,22,134,238,22,156,0,92,497,301,332,6,45,270,154,500,385,279,263,25,475,335,495,406,295,227,492,420,154,428,171,395,379,374,114,154,406,335,429,276,53,204,8,97,283,373,141,389,128,196,155,366,373,375,318,413,442,284,394,138,7,440,173,182,92,50,418,171,92,224,64,6,237
33,4,68,183,447,19,322,335,255,300,338,86,239,211,267,311,313,249,3,286,0,57,344,327,459,134,469,269,147,24,142,67,41,132,201,128,185,454,372,25,52,3500,78,368,203,216,143,216,161,456,350,439,172,195,351,193,106,207,307,178,382,204,176,321,36,211,37,33,36,370,291,243,134,346,141,329,32,243,499,177,115,256,174,123,337,328,497,436,354,354,479,138,100,227,159,221,437,269,444,281,39,207,141,476,377,318,474,264,130,357,316,272,152,333,72,349,354,428,94,315,394,429,476,310,380,110,225,303,256,68,444,230,379,132,197,396,314,306,5,30,151,451,169,406,329,83,419,435,336,109,35,174,163,73,125,275,344,79,10,377,387,187,479,287,378,366,460,29,460,234,453,213,471,273,447,324,367,176,458,2200,312,201,154,231,42,223,396,41,0,396,168,476,185,121,126,395,35,227,98,394,36,346,71,221,417,103,406,107,453,20,106,106,465,72,286,37,46,457,370,359,174,172,220,493,139,125,204,92,30,168,177,389,495,468,105,192,158,230,384,332,130,292,488,441,296,110,71,461,242,47,427,197,146,448,135,374
66,296,91,125,475,50,294,492,419,277,284,382,494,426,377,215,336,125,491,171,275,39,164,147,495,41,209,14,42,24,13,332,499,263,348,416,355,3500,76,187,268,48,223,233,41,262,301,419,331,342,168,427,163,441,115,70,389,490,458,185,335,470,43,52,301,287,445,40,175,129,486,134,91,427,18,299,226,64,85,33,197,120,237,456,174,275,151,431,360,251,20,384,496,31,337,254,188,249,237,425,30,128,365,387,424,262,114,155,9,77,180,48,28,20,248,22,171,167,308,204,195,398,286,252,425,13,72,45,409,42,278,99,264,378,99,359,425,285,124,95,183,384,441,443,128,366,171,6,374,477,340,420,415,355,407,53,457,481,488,174,482,75,58,303,91,317,254,303,135,300,177,394,301,28,482,246,330,12,335,2200,496,300,118,240,387,485,465,224,54,464,282,49,104,7,389,316,470,7,369,142,429,44,494,305,86,39,465,310,250,44,107,384,248,388,216,191,244,289,190,276,399,163,298,492,43,177,420,456,116,193,18,118,122,19,216,96,261,432,303,291,241,453,374,438,157,158,133,481,391,217,323,16,216,28,489,242
71,341,300,421,241,95,373,40,212,166,98,377,262,310,423,255,428,175,462,19,287,135,109,163,355,195,217,101,280,423,333,126,350,3500,7,14,55,416,73,255,379,236,170,57,75,103,495,396,72,448,236,488,421,303,215,6,128,123,400,434,415,174,471,353,80,31,253,90,161,57,488,329,82,145,399,423,424,364,491,350,185,412,213,471,442,42,331,252,398,290,358,471,475,377,327,392,44,10,458,101,329,467,250,250,316,474,89,301,297,168,248,351,353,422,244,107,60,165,195,197,358,201,142,418,167,244,495,62,446,164,432,416,112,386,34,363,18,110,485,441,250,46,482,129,115,85,146,340,261,121,275,287,228,24,222,474,149,226,470,461,348,85,106,187,227,477,175,13,107,478,81,218,224,464,43,286,94,78,141,2200,120,318,216,349,71,343,132,135,171,240,334,404,110,106,237,419,380,73,190,99,258,79,99,176,224,358,352,83,67,355,225,300,442,8,196,57,303,411,300,396,377,28,39,387,289,367,10,278,382,65,71,8,94,397,379,458,0,34,387,109,210,212,173,87,40,106,277,166,10,195,26,56,275,392,210,213
66,252,351,27,276,10,405,115,16,42,206,381,448,359,410,55,112,467,137,100,162,356,51,301,413,243,464,86,88,3500,367,60,115,346,383,71,327,272,462,372,148,462,189,292,399,481,468,234,235,192,101,2,460,181,216,415,454,341,273,72,412,261,359,357,57,178,48,299,150,193,495,66,351,438,221,203,130,219,336,3,195,304,84,335,347,173,371,196,232,1,324,464,272,36,364,486,142,40,142,250,116,127,404,236,200,332,448,335,425,445,240,215,265,50,258,114,405,413,208,259,352,207,82,454,198,86,345,327,173,127,31,418,182,71,188,1,29,141,257,293,244,264,325,89,19,465,279,280,460,37,345,356,11,174,464,259,171,6,127,120,186,21,245,496,494,340,267,166,55,482,467,433,435,96,196,234,299,102,216,2200,33,147,281,44,476,424,312,286,21,124,217,195,175,61,0,8,318,102,366,52,275,407,187,381,340,469,4,35,17,275,134,114,394,270,344,367,188,483,234,270,26,472,66,119,134,405,282,298,366,349,451,293,179,345,322,10,66,226,238,337,36,133,350,85,290,464,237,186,164,23,210,56,316,214,277,200
146,454,391,127,410,356,346,202,356,132,266,120,258,76,218,424,319,206,103,336,371,106,91,136,231,3500,332,398,317,99,151,99,390,119,178,121,308,218,277,149,160,177,366,198,206,112,1,148,249,336,323,346,269,17,260,465,425,152,367,425,107,314,3,435,283,276,57,265,0,363,187,433,134,164,337,183,328,478,205,320,86,444,167,16,343,263,15,345,319,352,23,329,413,288,277,463,384,164,440,24,106,46,128,255,116,310,425,367,327,251,484,62,48,223,135,144,343,364,385,217,104,344,300,18,26,142,205,352,186,12,216,444,370,169,256,416,383,376,113,102,352,223,369,77,260,208,206,181,351,99,368,32,89,436,150,72,57,312,291,364,14,299,142,377,154,167,46,15,239,219,480,448,207,354,332,172,449,361,20,2200,401,80,499,355,351,71,478,13,150,436,325,153,190,110,471,119,8,150,446,226,346,23,407,447,79,276,7,246,325,368,153,119,424,309,25,110,176,428,42,323,373,212,50,255,203,330,248,182,322,255,20,452,444,474,45,18,112,63,283,251,204,102,463,363,112,225,468,142,215,166,485,50,47,74,149,318
427,287,336,140,458,241,430,359,446,297,436,209,500,475,179,94,97,353,0,421,467,3500,415,396,310,441,49,263,77,5,244,303,302,25,295,19,49,63,188,387,45,221,235,314,183,267,313,315,478,76,129,33,434,42,313,372,238,194,212,71,160,226,393,45,361,282,284,151,65,27,64,61,214,357,304,22,31,200,12,66,117,255,213,239,307,12,500,361,95,411,65,155,75,117,432,153,40,218,465,254,200,329,478,153,43,267,120,366,193,377,373,341,16,53,233,19,73,125,323,238,182,277,286,81,84,104,261,165,259,176,42,38,130,94,32,421,92,458,103,384,236,169,392,214,455,253,395,366,471,83,296,165,81,265,381,169,96,388,384,370,166,371,13,11,34,167,157,382,214,483,102,338,331,365,256,401,74,248,38,2200,398,70,481,484,398,422,408,406,121,26,324,450,370,244,46,391,366,208,291,35,190,307,42,499,369,354,23,97,194,13,212,371,237,192,392,99,158,275,379,375,309,327,118,57,141,481,209,266,223,387,66,64,26,338,31,107,191,330,132,160,81,168,183,22,116,284,269,74,119,150,4,388,38,331,60,233
101,211,300,430,61,138,49,157,15,193,192,43,106,388,200,114,87,3500,428,478,111,188,337,449,229,479,395,324,1,225,46,415,312,57,296,22,143,102,41,220,138,422,3,414,190,352,292,444,279,90,433,499,410,210,362,37,307,479,23,171,17,160,400,299,446,360,395,262,71,463,345,350,127,8,447,183,145,405,42,496,331,12,459,431,450,120,105,171,282,36,482,382,99,211,30,110,48,310,448,186,307,430,74,94,276,478,78,182,364,458,182,423,438,241,23,327,443,134,114,36,161,92,116,337,40,441,356,130,185,361,93,350,443,277,201,94,19,481,340,10,432,89,177,152,485,2,276,183,112,387,498,83,285,158,93,72,469,145,258,171,333,226,354,408,39,208,250,271,39,489,438,311,301,399,45,160,312,133,117,2200,464,276,424,181,27,22,44,275,86,256,350,216,231,171,63,15,305,179,196,482,188,259,315,117,202,495,296,73,181,479,299,313,280,89,390,79,57,321,285,12,162,386,364,379,460,4,332,233,87,477,324,315,259,418,237,97,138,492,212,446,432,400,229,301,435,63,226,282,408,327,136,489,439,435,340,350
374,419,255,59,461,473,290,64,136,320,170,32,414,3500,430,226,436,18,99,327,76,39,473,385,464,374,461,481,180,397,472,437,368,370,469,169,337,21,432,300,440,30,146,145,426,15,191,170,168,185,370,357,172,290,265,68,75,374,84,371,79,160,273,449,294,354,27,209,247,330,353,137,475,394,352,367,253,327,330,160,190,265,216,411,164,102,201,347,123,104,251,93,319,87,259,174,231,175,115,456,392,151,149,418,341,351,363,143,287,200,469,328,499,103,36,309,428,417,4,60,213,227,165,212,128,460,122,384,420,104,148,417,496,342,291,93,297,274,356,410,341,233,313,267,216,423,272,249,370,79,244,270,87,441,171,359,96,383,330,308,472,128,75,226,492,158,320,439,430,359,368,231,148,445,121,42,437,168,419,2200,454,6,98,15,57,40,105,104,347,440,490,471,231,428,158,306,428,97,399,490,500,139,398,64,210,495,72,199,340,49,30,439,11,473,31,411,140,139,129,256,104,22,33,417,146,111,130,429,432,179,339,302,372,22,341,183,470,41,33,45,305,141,246,100,108,323,300,31,382,317,267,167,69,486,182,83
